strain	host	genetic exchange	lineage	hybrid zone	accession	date	province	country	city	town	db	title	journal	paper_url
HTNV_76-118	Apodemus agrarius		lineage 3	lineage 3	M14626	1976-XX-XX	Gyeonggi	South Korea	Dongducheon		genbank	Nucleotide sequence of the L genome segment of Hantaan virus	"Nucleic Acids Res / Published: Nov 25, 1990"	https://doi.org/10.1093/nar/18.22.6728
HTNV_Aa03-161	Apodemus agrarius		lineage 1	lineage 1	KT935024	2003-03-25	Gyeonggi	South Korea	Yeoncheon	Tonghyeon-ri	genbank	"Genetic Diversity and Reassortment of Hantaan Virus Tripartite RNA Genomes in Nature, the Republic of Korea"	"PLOS Neglected Tropical Diseases / Published: June 17, 2016"	https://doi.org/10.1371/journal.pntd.0004650
HTNV_Aa03-386	Apodemus agrarius		lineage 1	lineage 1	KT935025	2003-06-09	Gyeonggi	South Korea	Yeoncheon	Tonghyeon-ri	genbank	"Genetic Diversity and Reassortment of Hantaan Virus Tripartite RNA Genomes in Nature, the Republic of Korea"	"PLOS Neglected Tropical Diseases / Published: June 17, 2016"	https://doi.org/10.1371/journal.pntd.0004650
HTNV_Aa03-387	Apodemus agrarius		lineage 1	lineage 1	KT935026	2003-06-09	Gyeonggi	South Korea	Yeoncheon	Tonghyeon-ri	genbank	"Genetic Diversity and Reassortment of Hantaan Virus Tripartite RNA Genomes in Nature, the Republic of Korea"	"PLOS Neglected Tropical Diseases / Published: June 17, 2016"	https://doi.org/10.1371/journal.pntd.0004650
HTNV_Aa05-190	Apodemus agrarius	Reassortant	lineage 1	lineage 1	KT935027	2005-03-22	Gyeonggi	South Korea	Paju	Jangjwa-ri	genbank	"Genetic Diversity and Reassortment of Hantaan Virus Tripartite RNA Genomes in Nature, the Republic of Korea"	"PLOS Neglected Tropical Diseases / Published: June 17, 2016"	https://doi.org/10.1371/journal.pntd.0004650
HTNV_Aa05-241	Apodemus agrarius	Reassortant	lineage 1	lineage 1	KT935028	2005-03-24	Gyeonggi	South Korea	Paju	Jangjwa-ri	genbank	"Genetic Diversity and Reassortment of Hantaan Virus Tripartite RNA Genomes in Nature, the Republic of Korea"	"PLOS Neglected Tropical Diseases / Published: June 17, 2016"	https://doi.org/10.1371/journal.pntd.0004650
HTNV_Aa05-249	Apodemus agrarius	Reassortant	lineage 1	lineage 1	KT935029	2005-03-25	Gyeonggi	South Korea	Paju	Jangjwa-ri	genbank	"Genetic Diversity and Reassortment of Hantaan Virus Tripartite RNA Genomes in Nature, the Republic of Korea"	"PLOS Neglected Tropical Diseases / Published: June 17, 2016"	https://doi.org/10.1371/journal.pntd.0004650
HTNV_Aa05-331	Apodemus agrarius		lineage 1	lineage 1	KT935030	2005-06-21	Gyeonggi	South Korea	Yeoncheon	Tonghyeon-ri	genbank	"Genetic Diversity and Reassortment of Hantaan Virus Tripartite RNA Genomes in Nature, the Republic of Korea"	"PLOS Neglected Tropical Diseases / Published: June 17, 2016"	https://doi.org/10.1371/journal.pntd.0004650
HTNV_Aa05-771	Apodemus agrarius		lineage 1	lineage 1	KT935031	2005-09-08	Gyeonggi	South Korea	Yeoncheon	Tonghyeon-ri	genbank	"Genetic Diversity and Reassortment of Hantaan Virus Tripartite RNA Genomes in Nature, the Republic of Korea"	"PLOS Neglected Tropical Diseases / Published: June 17, 2016"	https://doi.org/10.1371/journal.pntd.0004650
HTNV_Aa05-775	Apodemus agrarius		lineage 1	lineage 1	KT935032	2005-09-08	Gyeonggi	South Korea	Yeoncheon	Tonghyeon-ri	genbank	"Genetic Diversity and Reassortment of Hantaan Virus Tripartite RNA Genomes in Nature, the Republic of Korea"	"PLOS Neglected Tropical Diseases / Published: June 17, 2016"	https://doi.org/10.1371/journal.pntd.0004650
HTNV_Aa08-1111	Apodemus agrarius		lineage 3	lineage 3	KY594718	2008-10-22	Gyeonggi	South Korea	Pyeongtaek		genbank	"Hantavirus surveillance and genetic diversity targeting small mammals at Camp Humphreys, a US military installation and new expansion site, Republic of Korea"	PLOS One published: 2017 Apr	https://pubmed.ncbi.nlm.nih.gov/28448595
HTNV_Aa09-1000	Apodemus agrarius	Reassortant	lineage 1	lineage 1	KT935035	2009-06-24	Gyeonggi	South Korea	Pocheon	Jangam-ri	genbank	"Genetic Diversity and Reassortment of Hantaan Virus Tripartite RNA Genomes in Nature, the Republic of Korea"	"PLOS Neglected Tropical Diseases / Published: June 17, 2016"	https://doi.org/10.1371/journal.pntd.0004650
HTNV_Aa09-189	Apodemus agrarius		lineage 3	lineage 3	KY594719	2009-02-06	Gyeonggi	South Korea	Pyeongtaek		genbank	"Hantavirus surveillance and genetic diversity targeting small mammals at Camp Humphreys, a US military installation and new expansion site, Republic of Korea"	PLOS One published: 2017 Apr	https://pubmed.ncbi.nlm.nih.gov/28448595
HTNV_Aa09-198	Apodemus agrarius		lineage 3	lineage 3	KY594720	2009-02-06	Gyeonggi	South Korea	Pyeongtaek		genbank	"Hantavirus surveillance and genetic diversity targeting small mammals at Camp Humphreys, a US military installation and new expansion site, Republic of Korea"	PLOS One published: 2017 Apr	https://pubmed.ncbi.nlm.nih.gov/28448595
HTNV_Aa09-652	Apodemus agrarius	Reassortant	lineage 1	lineage 1	KT935033	2009-04-30	Gyeonggi	South Korea	Pocheon	Jangam-ri	genbank	"Genetic Diversity and Reassortment of Hantaan Virus Tripartite RNA Genomes in Nature, the Republic of Korea"	"PLOS Neglected Tropical Diseases / Published: June 17, 2016"	https://doi.org/10.1371/journal.pntd.0004650
HTNV_Aa09-948	Apodemus agrarius	Reassortant	lineage 1	lineage 1	KT935034	2009-06-24	Gyeonggi	South Korea	Pocheon	Jangam-ri	genbank	"Genetic Diversity and Reassortment of Hantaan Virus Tripartite RNA Genomes in Nature, the Republic of Korea"	"PLOS Neglected Tropical Diseases / Published: June 17, 2016"	https://doi.org/10.1371/journal.pntd.0004650
HTNV_Aa10-123	Apodemus agrarius	Reassortant	lineage 1	lineage 1	KT935036	2010-03-25	Gyeonggi	South Korea	Paju	Jikcheon-ri	genbank	"Genetic Diversity and Reassortment of Hantaan Virus Tripartite RNA Genomes in Nature, the Republic of Korea"	"PLOS Neglected Tropical Diseases / Published: June 17, 2016"	https://doi.org/10.1371/journal.pntd.0004650
HTNV_Aa10-288	Apodemus agrarius	Reassortant	lineage 1	lineage 1	KT935037	2010-05-11	Gyeonggi	South Korea	Paju	Jikcheon-ri	genbank	"Genetic Diversity and Reassortment of Hantaan Virus Tripartite RNA Genomes in Nature, the Republic of Korea"	"PLOS Neglected Tropical Diseases / Published: June 17, 2016"	https://doi.org/10.1371/journal.pntd.0004650
HTNV_Aa10-434	Apodemus agrarius	Reassortant	lineage 1	lineage 1	KT935038	2010-08-23	Gyeonggi	South Korea	Paju	Mugeon-ri	genbank	"Genetic Diversity and Reassortment of Hantaan Virus Tripartite RNA Genomes in Nature, the Republic of Korea"	"PLOS Neglected Tropical Diseases / Published: June 17, 2016"	https://doi.org/10.1371/journal.pntd.0004650
HTNV_Aa10-518	Apodemus agrarius	Reassortant	lineage 1	lineage 1	KT935039	2010-11-29	Gyeonggi	South Korea	Paju	Mugeon-ri	genbank	"Genetic Diversity and Reassortment of Hantaan Virus Tripartite RNA Genomes in Nature, the Republic of Korea"	"PLOS Neglected Tropical Diseases / Published: June 17, 2016"	https://doi.org/10.1371/journal.pntd.0004650
HTNV_Aa10-561	Apodemus agrarius	Reassortant	lineage 1	lineage 1	KT935040	2010-11-29	Gyeonggi	South Korea	Paju	Mugeon-ri	genbank	"Genetic Diversity and Reassortment of Hantaan Virus Tripartite RNA Genomes in Nature, the Republic of Korea"	"PLOS Neglected Tropical Diseases / Published: June 17, 2016"	https://doi.org/10.1371/journal.pntd.0004650
HTNV_Aa10-679	Apodemus agrarius	Reassortant	lineage 1	lineage 1	KT935041	2010-12-01	Gyeonggi	South Korea	Paju	Jikcheon-ri	genbank	"Genetic Diversity and Reassortment of Hantaan Virus Tripartite RNA Genomes in Nature, the Republic of Korea"	"PLOS Neglected Tropical Diseases / Published: June 17, 2016"	https://doi.org/10.1371/journal.pntd.0004650
HTNV_Aa13-3	Apodemus agrarius		lineage 1	lineage 1	KX687232	2013-09-12	Gyeonggi	South Korea	Yeoncheon	Seongok-ri	genbank	"Sequence-Independent, Single-Primer Amplification Next-Generation Sequencing of Hantaan Virus Cell Culture-Based Isolates"	"The American Journal of Tropical Medicine and Hygiene, Volume 96: Issue 2, Published Online: 08 Feb 2017, Page(s): 389394"	https://doi.org/10.4269/ajtmh.16-0683
HTNV_Aa14-172	Apodemus agrarius	Reassortant	lineage 1	lineage 1	KT935042	2014-09-23	Gyeonggi	South Korea	Paju	Jangjwa-ri	genbank	"Genetic Diversity and Reassortment of Hantaan Virus Tripartite RNA Genomes in Nature, the Republic of Korea"	"PLOS Neglected Tropical Diseases / Published: June 17, 2016"	https://doi.org/10.1371/journal.pntd.0004650
HTNV_Aa14-175	Apodemus agrarius	Reassortant	lineage 1	lineage 1	KU207170	2014-09-23	Gyeonggi	South Korea	Paju	Jangjwa-ri	genbank	"Sequence-Independent, Single-Primer Amplification Next-Generation Sequencing of Hantaan Virus Cell Culture-Based Isolates"	"The American Journal of Tropical Medicine and Hygiene, Volume 96: Issue 2, Published Online: 08 Feb 2017, Page(s): 389394"	https://doi.org/10.4269/ajtmh.16-0683
HTNV_Aa14-184	Apodemus agrarius	Reassortant	lineage 1	lineage 1	KU207171	2014-09-23	Gyeonggi	South Korea	Paju	Jangjwa-ri	genbank	"Sequence-Independent, Single-Primer Amplification Next-Generation Sequencing of Hantaan Virus Cell Culture-Based Isolates"	"The American Journal of Tropical Medicine and Hygiene, Volume 96: Issue 2, Published Online: 08 Feb 2017, Page(s): 389394"	https://doi.org/10.4269/ajtmh.16-0683
HTNV_Aa14-186	Apodemus agrarius	Reassortant	lineage 1	lineage 1	KX687233	2014-09-23	Gyeonggi	South Korea	Paju	Jangjwa-ri	genbank	"Sequence-Independent, Single-Primer Amplification Next-Generation Sequencing of Hantaan Virus Cell Culture-Based Isolates"	"The American Journal of Tropical Medicine and Hygiene, Volume 96: Issue 2, Published Online: 08 Feb 2017, Page(s): 389394"	https://doi.org/10.4269/ajtmh.16-0683
HTNV_Aa14-188	Apodemus agrarius	Reassortant	lineage 1	lineage 1	KT935043	2014-09-23	Gyeonggi	South Korea	Paju	Jangjwa-ri	genbank	"Genetic Diversity and Reassortment of Hantaan Virus Tripartite RNA Genomes in Nature, the Republic of Korea"	"PLOS Neglected Tropical Diseases / Published: June 17, 2016"	https://doi.org/10.1371/journal.pntd.0004650
HTNV_Aa14-198	Apodemus agrarius	Reassortant	lineage 1	lineage 1	KT935044	2014-09-23	Gyeonggi	South Korea	Paju	Jangjwa-ri	genbank	"Genetic Diversity and Reassortment of Hantaan Virus Tripartite RNA Genomes in Nature, the Republic of Korea"	"PLOS Neglected Tropical Diseases / Published: June 17, 2016"	https://doi.org/10.1371/journal.pntd.0004650
HTNV_Aa14-204	Apodemus agrarius	Reassortant	lineage 1	lineage 1	KT935045	2014-09-24	Gyeonggi	South Korea	Paju	Jikcheon-ri	genbank	"Genetic Diversity and Reassortment of Hantaan Virus Tripartite RNA Genomes in Nature, the Republic of Korea"	"PLOS Neglected Tropical Diseases / Published: June 17, 2016"	https://doi.org/10.1371/journal.pntd.0004650
HTNV_Aa14-207	Apodemus agrarius	Reassortant	lineage 1	lineage 1	KT935046	2014-09-24	Gyeonggi	South Korea	Paju	Jikcheon-ri	genbank	"Genetic Diversity and Reassortment of Hantaan Virus Tripartite RNA Genomes in Nature, the Republic of Korea"	"PLOS Neglected Tropical Diseases / Published: June 17, 2016"	https://doi.org/10.1371/journal.pntd.0004650
HTNV_Aa14-234	Apodemus agrarius		lineage 2	hybrid zone	KX687235	2014-09-25	Gyeonggi	South Korea	Yeoncheon	Sindap-ri	genbank	"Sequence-Independent, Single-Primer Amplification Next-Generation Sequencing of Hantaan Virus Cell Culture-Based Isolates"	"The American Journal of Tropical Medicine and Hygiene, Volume 96: Issue 2, Published Online: 08 Feb 2017, Page(s): 389394"	https://doi.org/10.4269/ajtmh.16-0683
HTNV_Aa14-239	Apodemus agrarius		lineage 2	hybrid zone	KX687236	2014-09-25	Gyeonggi	South Korea	Yeoncheon	Sindap-ri	genbank	"Sequence-Independent, Single-Primer Amplification Next-Generation Sequencing of Hantaan Virus Cell Culture-Based Isolates"	"The American Journal of Tropical Medicine and Hygiene, Volume 96: Issue 2, Published Online: 08 Feb 2017, Page(s): 389394"	https://doi.org/10.4269/ajtmh.16-0683
HTNV_Aa14-266	Apodemus agrarius	Reassortant	lineage 2	hybrid zone	KT935047	2014-11-04	Gangwon	South Korea	Hwacheon	Samil-ri	genbank	"Genetic Diversity and Reassortment of Hantaan Virus Tripartite RNA Genomes in Nature, the Republic of Korea"	"PLOS Neglected Tropical Diseases / Published: June 17, 2016"	https://doi.org/10.1371/journal.pntd.0004650
HTNV_Aa14-272	Apodemus agrarius	Reassortant	lineage 2	hybrid zone	KT935048	2014-11-04	Gangwon	South Korea	Hwacheon	Samil-ri	genbank	"Genetic Diversity and Reassortment of Hantaan Virus Tripartite RNA Genomes in Nature, the Republic of Korea"	"PLOS Neglected Tropical Diseases / Published: June 17, 2016"	https://doi.org/10.1371/journal.pntd.0004650
HTNV_Aa14-362	Apodemus agrarius	Reassortant	lineage 1	lineage 1	KT935049	2014-11-14	Gangwon	South Korea	Cheorwon	Oji-ri	genbank	"Genetic Diversity and Reassortment of Hantaan Virus Tripartite RNA Genomes in Nature, the Republic of Korea"	"PLOS Neglected Tropical Diseases / Published: June 17, 2016"	https://doi.org/10.1371/journal.pntd.0004650
HTNV_Aa14-368	Apodemus agrarius	Reassortant	lineage 1	lineage 1	KT935050	2014-11-14	Gangwon	South Korea	Cheorwon	Oji-ri	genbank	"Genetic Diversity and Reassortment of Hantaan Virus Tripartite RNA Genomes in Nature, the Republic of Korea"	"PLOS Neglected Tropical Diseases / Published: June 17, 2016"	https://doi.org/10.1371/journal.pntd.0004650
HTNV_Aa14-386	Apodemus agrarius	Reassortant	lineage 1	lineage 1	KT935051	2014-11-14	Gangwon	South Korea	Cheorwon	Oji-ri	genbank	"Genetic Diversity and Reassortment of Hantaan Virus Tripartite RNA Genomes in Nature, the Republic of Korea"	"PLOS Neglected Tropical Diseases / Published: June 17, 2016"	https://doi.org/10.1371/journal.pntd.0004650
HTNV_Aa14-404	Apodemus agrarius	Reassortant	lineage 2	lineage 2	KT935052	2014-11-21	Gangwon	South Korea	Yanggu	Mandae-ri	genbank	"Genetic Diversity and Reassortment of Hantaan Virus Tripartite RNA Genomes in Nature, the Republic of Korea"	"PLOS Neglected Tropical Diseases / Published: June 17, 2016"	https://doi.org/10.1371/journal.pntd.0004650
HTNV_Aa14-406	Apodemus agrarius	Reassortant	lineage 2	lineage 2	KT935053	2014-11-21	Gangwon	South Korea	Yanggu	Mandae-ri	genbank	"Genetic Diversity and Reassortment of Hantaan Virus Tripartite RNA Genomes in Nature, the Republic of Korea"	"PLOS Neglected Tropical Diseases / Published: June 17, 2016"	https://doi.org/10.1371/journal.pntd.0004650
HTNV_Aa14-408	Apodemus agrarius	Reassortant	lineage 2	lineage 2	KT935054	2014-11-21	Gangwon	South Korea	Yanggu	Mandae-ri	genbank	"Genetic Diversity and Reassortment of Hantaan Virus Tripartite RNA Genomes in Nature, the Republic of Korea"	"PLOS Neglected Tropical Diseases / Published: June 17, 2016"	https://doi.org/10.1371/journal.pntd.0004650
HTNV_Aa14-412	Apodemus agrarius	Reassortant	lineage 2	lineage 2	KT935055	2014-11-21	Gangwon	South Korea	Yanggu	Mandae-ri	genbank	"Genetic Diversity and Reassortment of Hantaan Virus Tripartite RNA Genomes in Nature, the Republic of Korea"	"PLOS Neglected Tropical Diseases / Published: June 17, 2016"	https://doi.org/10.1371/journal.pntd.0004650
HTNV_Aa14-423	Apodemus agrarius	Reassortant	lineage 2	lineage 2	KT935056	2014-11-21	Gangwon	South Korea	Yanggu	Mandae-ri	genbank	"Genetic Diversity and Reassortment of Hantaan Virus Tripartite RNA Genomes in Nature, the Republic of Korea"	"PLOS Neglected Tropical Diseases / Published: June 17, 2016"	https://doi.org/10.1371/journal.pntd.0004650
HTNV_Aa14-438	Apodemus agrarius	Reassortant	lineage 2	lineage 2	KT935057	2014-11-21	Gangwon	South Korea	Yanggu	Mandae-ri	genbank	"Genetic Diversity and Reassortment of Hantaan Virus Tripartite RNA Genomes in Nature, the Republic of Korea"	"PLOS Neglected Tropical Diseases / Published: June 17, 2016"	https://doi.org/10.1371/journal.pntd.0004650
HTNV_Aa15-56	Apodemus agrarius		lineage 2	hybrid zone	KU207195	2023-04-23	Gangwon	South Korea	Cheorwon	Munhye-ri	genbank	Phylogeographic analysis of hemorrhagic fever with renal syndrome patients using multiplex PCR-based next generation sequencing	"Scientific Reports volume 6, Article number: 26017 (2016)"	https://www.nature.com/articles/srep26017
HTNV_Aa15-58	Apodemus agrarius		lineage 2	hybrid zone	KU207196	2023-04-23	Gangwon	South Korea	Cheorwon	Munhye-ri	genbank	Phylogeographic analysis of hemorrhagic fever with renal syndrome patients using multiplex PCR-based next generation sequencing	"Scientific Reports volume 6, Article number: 26017 (2016)"	https://www.nature.com/articles/srep26017
HTNV_Aa15-69	Apodemus agrarius		lineage 2	hybrid zone	MT012546	2015-04-29	Gangwon	South Korea	Hwacheon	Sanyang-ri	genbank	"Phylogeographic diversity and hybrid zone of Hantaan orthohantavirus collected in Gangwon Province, Republic of Korea"	"PLOS Neglected Tropical Diseases / Published: October 9, 2020"	https://doi.org/10.1371/journal.pntd.0008714
HTNV_Aa15-74	Apodemus agrarius		lineage 2	hybrid zone	MT012547	2015-04-29	Gangwon	South Korea	Hwacheon	Sanyang-ri	genbank	"Phylogeographic diversity and hybrid zone of Hantaan orthohantavirus collected in Gangwon Province, Republic of Korea"	"PLOS Neglected Tropical Diseases / Published: October 9, 2020"	https://doi.org/10.1371/journal.pntd.0008714
HTNV_Aa15-82	Apodemus agrarius		lineage 2	hybrid zone	MT012548	2015-04-30	Gangwon	South Korea	Hwacheon	Sanyang-ri	genbank	"Phylogeographic diversity and hybrid zone of Hantaan orthohantavirus collected in Gangwon Province, Republic of Korea"	"PLOS Neglected Tropical Diseases / Published: October 9, 2020"	https://doi.org/10.1371/journal.pntd.0008714
HTNV_Aa15-84	Apodemus agrarius		lineage 2	hybrid zone	MT012549	2015-04-30	Gangwon	South Korea	Hwacheon	Sanyang-ri	genbank	"Phylogeographic diversity and hybrid zone of Hantaan orthohantavirus collected in Gangwon Province, Republic of Korea"	"PLOS Neglected Tropical Diseases / Published: October 9, 2020"	https://doi.org/10.1371/journal.pntd.0008714
HTNV_Aa16-181	Apodemus agrarius	Reassortant	lineage 1	lineage 1	MK548650	2016-11-25	Gyeonggi	South Korea	Paju	Ohyeon-ri	genbank	Comparison of targeted next-generation sequencing for whole-genome sequencing of Hantaan orthohantavirus in Apodemus agrarius lung tissues	"Scientific Reportsvolume9, Articlenumber:16631(2019)"	https://doi.org/10.1038/s41598-019-53043-2
HTNV_Aa16-185	Apodemus agrarius	Reassortant	lineage 1	lineage 1	MK548651	2016-11-25	Gyeonggi	South Korea	Paju	Ohyeon-ri	genbank	Comparison of targeted next-generation sequencing for whole-genome sequencing of Hantaan orthohantavirus in Apodemus agrarius lung tissues	"Scientific Reportsvolume9, Articlenumber:16631(2019)"	https://doi.org/10.1038/s41598-019-53043-2
HTNV_Aa16-19	Apodemus agrarius	Reassortant	lineage 1	lineage 1	MK548646	2016-06-21	Gyeonggi	South Korea	Pocheon	Nogok-ri	genbank	Comparison of targeted next-generation sequencing for whole-genome sequencing of Hantaan orthohantavirus in Apodemus agrarius lung tissues	"Scientific Reportsvolume9, Articlenumber:16631(2019)"	https://doi.org/10.1038/s41598-019-53043-2
HTNV_Aa16-21	Apodemus agrarius	Reassortant	lineage 1	lineage 1	MK548647	2016-06-21	Gyeonggi	South Korea	Pocheon	Nogok-ri	genbank	Comparison of targeted next-generation sequencing for whole-genome sequencing of Hantaan orthohantavirus in Apodemus agrarius lung tissues	"Scientific Reportsvolume9, Articlenumber:16631(2019)"	https://doi.org/10.1038/s41598-019-53043-2
HTNV_Aa16-22	Apodemus agrarius	Reassortant	lineage 1	lineage 1	MK548648	2016-06-21	Gyeonggi	South Korea	Pocheon	Nogok-ri	genbank	Comparison of targeted next-generation sequencing for whole-genome sequencing of Hantaan orthohantavirus in Apodemus agrarius lung tissues	"Scientific Reportsvolume9, Articlenumber:16631(2019)"	https://doi.org/10.1038/s41598-019-53043-2
HTNV_Aa16-50	Apodemus agrarius		lineage 1	lineage 1	MK548649	2016-10-12	Gyeonggi	South Korea	Yeoncheon	Dongi-ri	genbank	Comparison of targeted next-generation sequencing for whole-genome sequencing of Hantaan orthohantavirus in Apodemus agrarius lung tissues	"Scientific Reportsvolume9, Articlenumber:16631(2019)"	https://doi.org/10.1038/s41598-019-53043-2
HTNV_Aa17-285	Apodemus agrarius		lineage 1	lineage 1	OR700537	2017-11-16	Gyeonggi	South Korea	Yeoncheon	Wangnim-ri	genbank	"High_resolution phylogeographical surveillance of Hantaan orthohantavirus using rapid amplicon_based Flongle sequencing, Republic of Korea"	Journal of Medical Virology	DOI: 10.1002/jmv.29346
HTNV_Aa17-289	Apodemus agrarius		lineage 1	lineage 1	OR700538	2017-11-16	Gyeonggi	South Korea	Yeoncheon	Wangnim-ri	genbank	"High_resolution phylogeographical surveillance of Hantaan orthohantavirus using rapid amplicon_based Flongle sequencing, Republic of Korea"	Journal of Medical Virology	DOI: 10.1002/jmv.29346
HTNV_Aa17-337	Apodemus agrarius		lineage 2	hybrid zone	MT012550	2017-04-06	Gangwon	South Korea	Cheorwon	Gwanu-ri	genbank	"Phylogeographic diversity and hybrid zone of Hantaan orthohantavirus collected in Gangwon Province, Republic of Korea"	"PLOS Neglected Tropical Diseases / Published: October 9, 2020"	https://doi.org/10.1371/journal.pntd.0008714
HTNV_Aa17-353	Apodemus agrarius		lineage 2	hybrid zone	MT012551	2017-10-23	Gangwon	South Korea	Cheorwon	Gwanu-ri	genbank	"Phylogeographic diversity and hybrid zone of Hantaan orthohantavirus collected in Gangwon Province, Republic of Korea"	"PLOS Neglected Tropical Diseases / Published: October 9, 2020"	https://doi.org/10.1371/journal.pntd.0008714
HTNV_Aa17-367	Apodemus agrarius		lineage 2	hybrid zone	MT012552	2017-10-23	Gangwon	South Korea	Cheorwon	Gwanu-ri	genbank	"Phylogeographic diversity and hybrid zone of Hantaan orthohantavirus collected in Gangwon Province, Republic of Korea"	"PLOS Neglected Tropical Diseases / Published: October 9, 2020"	https://doi.org/10.1371/journal.pntd.0008714
HTNV_Aa17-421	Apodemus agrarius	Reassortant	lineage 2	hybrid zone	MT012553	2017-10-29	Gangwon	South Korea	Chuncheon	Sinchon-ri	genbank	"Phylogeographic diversity and hybrid zone of Hantaan orthohantavirus collected in Gangwon Province, Republic of Korea"	"PLOS Neglected Tropical Diseases / Published: October 9, 2020"	https://doi.org/10.1371/journal.pntd.0008714
HTNV_Aa17-422	Apodemus agrarius	Reassortant	lineage 2	hybrid zone	MT012554	2017-10-29	Gangwon	South Korea	Chuncheon	Sinchon-ri	genbank	"Phylogeographic diversity and hybrid zone of Hantaan orthohantavirus collected in Gangwon Province, Republic of Korea"	"PLOS Neglected Tropical Diseases / Published: October 9, 2020"	https://doi.org/10.1371/journal.pntd.0008714
HTNV_Aa17-48	Apodemus agrarius	Reassortant	lineage 1	hybrid zone	MH598505	2017-04-18	Gyeonggi	South Korea	Yeoncheon	Dosin-ri	genbank	Comparison of targeted next-generation sequencing for whole-genome sequencing of Hantaan orthohantavirus in Apodemus agrarius lung tissues	"Scientific Reportsvolume9, Articlenumber:16631(2019)"	https://doi.org/10.1038/s41598-019-53043-2
HTNV_Aa17-49	Apodemus agrarius	Reassortant	lineage 1	hybrid zone	MH598506	2017-04-18	Gyeonggi	South Korea	Yeoncheon	Dosin-ri	genbank	Comparison of targeted next-generation sequencing for whole-genome sequencing of Hantaan orthohantavirus in Apodemus agrarius lung tissues	"Scientific Reportsvolume9, Articlenumber:16631(2019)"	https://doi.org/10.1038/s41598-019-53043-2
HTNV_Aa17-52	Apodemus agrarius	Reassortant	lineage 1	hybrid zone	MK548652	2017-04-18	Gyeonggi	South Korea	Yeoncheon	Dosin-ri	genbank	Comparison of targeted next-generation sequencing for whole-genome sequencing of Hantaan orthohantavirus in Apodemus agrarius lung tissues	"Scientific Reportsvolume9, Articlenumber:16631(2019)"	https://doi.org/10.1038/s41598-019-53043-2
HTNV_Aa17-53	Apodemus agrarius	Reassortant	lineage 1	hybrid zone	MH598507	2017-04-18	Gyeonggi	South Korea	Yeoncheon	Dosin-ri	genbank	Comparison of targeted next-generation sequencing for whole-genome sequencing of Hantaan orthohantavirus in Apodemus agrarius lung tissues	"Scientific Reportsvolume9, Articlenumber:16631(2019)"	https://doi.org/10.1038/s41598-019-53043-2
HTNV_Aa17-66	Apodemus agrarius	Reassortant	lineage 1	lineage 1	MK548653	2017-04-27	Gyeonggi	South Korea	Pocheon	Uncheon-ri	genbank	Comparison of targeted next-generation sequencing for whole-genome sequencing of Hantaan orthohantavirus in Apodemus agrarius lung tissues	"Scientific Reportsvolume9, Articlenumber:16631(2019)"	https://doi.org/10.1038/s41598-019-53043-2
HTNV_Aa17-7	Apodemus agrarius	Reassortant	lineage 1	lineage 1	MH598503	2017-03-29	Gyeonggi	South Korea	Paju	Mugeon-ri	genbank	Comparison of targeted next-generation sequencing for whole-genome sequencing of Hantaan orthohantavirus in Apodemus agrarius lung tissues	"Scientific Reportsvolume9, Articlenumber:16631(2019)"	https://doi.org/10.1038/s41598-019-53043-2
HTNV_Aa17-76	Apodemus agrarius	Reassortant	lineage 1	lineage 1	MK548654	2017-04-27	Gyeonggi	South Korea	Pocheon	Uncheon-ri	genbank	Comparison of targeted next-generation sequencing for whole-genome sequencing of Hantaan orthohantavirus in Apodemus agrarius lung tissues	"Scientific Reportsvolume9, Articlenumber:16631(2019)"	https://doi.org/10.1038/s41598-019-53043-2
HTNV_Aa17-8	Apodemus agrarius	Reassortant	lineage 1	lineage 1	MH598504	2017-03-29	Gyeonggi	South Korea	Paju	Mugeon-ri	genbank	Comparison of targeted next-generation sequencing for whole-genome sequencing of Hantaan orthohantavirus in Apodemus agrarius lung tissues	"Scientific Reportsvolume9, Articlenumber:16631(2019)"	https://doi.org/10.1038/s41598-019-53043-2
HTNV_Aa18-164	Apodemus agrarius	Reassortant	lineage 2	lineage 2	MT012555	2018-11-27	Gangwon	South Korea	Yanggu	Mandae-ri	genbank	"Phylogeographic diversity and hybrid zone of Hantaan orthohantavirus collected in Gangwon Province, Republic of Korea"	"PLOS Neglected Tropical Diseases / Published: October 9, 2020"	https://doi.org/10.1371/journal.pntd.0008714
HTNV_Aa18-179	Apodemus agrarius	Reassortant	lineage 2	lineage 2	MT012556	2018-11-28	Gangwon	South Korea	Yanggu	Mandae-ri	genbank	"Phylogeographic diversity and hybrid zone of Hantaan orthohantavirus collected in Gangwon Province, Republic of Korea"	"PLOS Neglected Tropical Diseases / Published: October 9, 2020"	https://doi.org/10.1371/journal.pntd.0008714
HTNV_Aa18-185	Apodemus agrarius	Reassortant	lineage 2	lineage 2	MT012557	2018-11-28	Gangwon	South Korea	Yanggu	Mandae-ri	genbank	"Phylogeographic diversity and hybrid zone of Hantaan orthohantavirus collected in Gangwon Province, Republic of Korea"	"PLOS Neglected Tropical Diseases / Published: October 9, 2020"	https://doi.org/10.1371/journal.pntd.0008714
HTNV_Aa18-192	Apodemus agrarius		lineage 1	lineage 1	OR700541	2018-12-04	Gyeonggi	South Korea	Yeoncheon	Hyeonga-ri	genbank	"High_resolution phylogeographical surveillance of Hantaan orthohantavirus using rapid amplicon_based Flongle sequencing, Republic of Korea"	Journal of Medical Virology	DOI: 10.1002/jmv.29346
HTNV_Aa18-195	Apodemus agrarius		lineage 1	lineage 1	OR700542	2018-12-04	Gyeonggi	South Korea	Yeoncheon	Hyeonga-ri	genbank	"High_resolution phylogeographical surveillance of Hantaan orthohantavirus using rapid amplicon_based Flongle sequencing, Republic of Korea"	Journal of Medical Virology	DOI: 10.1002/jmv.29346
HTNV_Aa18-197	Apodemus agrarius		lineage 1	lineage 1	OR700543	2018-12-04	Gyeonggi	South Korea	Yeoncheon	Hyeonga-ri	genbank	"High_resolution phylogeographical surveillance of Hantaan orthohantavirus using rapid amplicon_based Flongle sequencing, Republic of Korea"	Journal of Medical Virology	DOI: 10.1002/jmv.29346
HTNV_Aa18-39	Apodemus agrarius	Reassortant	lineage 1	lineage 1	OR700539	2018-05-10	Gyeonggi	South Korea	Paju	Gaekhyeon-ri	genbank	"High_resolution phylogeographical surveillance of Hantaan orthohantavirus using rapid amplicon_based Flongle sequencing, Republic of Korea"	Journal of Medical Virology	DOI: 10.1002/jmv.29346
HTNV_Aa18-43	Apodemus agrarius	Reassortant	lineage 1	lineage 1	OR700540	2018-05-10	Gyeonggi	South Korea	Paju	Gaekhyeon-ri	genbank	"High_resolution phylogeographical surveillance of Hantaan orthohantavirus using rapid amplicon_based Flongle sequencing, Republic of Korea"	Journal of Medical Virology	DOI: 10.1002/jmv.29346
HTNV_Aa19-144	Apodemus agrarius		lineage 2	hybrid zone	MW796139	2019-10-23	Gangwon	South Korea	Hwacheon	Pungsan-ri	genbank	"Multiplex PCR-Based Nanopore Sequencing and Epidemiological Surveillance of Hantaan orthohantavirus in Apodemus agrarius, Republic of Korea"	"Viruses 13, 847 (2021)"	https://doi.org/10.3390/v13050847
HTNV_Aa19-152	Apodemus agrarius		lineage 2	hybrid zone	MW796140	2019-10-23	Gangwon	South Korea	Hwacheon	Pungsan-ri	genbank	"Multiplex PCR-Based Nanopore Sequencing and Epidemiological Surveillance of Hantaan orthohantavirus in Apodemus agrarius, Republic of Korea"	"Viruses 13, 847 (2021)"	https://doi.org/10.3390/v13050847
HTNV_Aa19-153	Apodemus agrarius		lineage 2	hybrid zone	MW796141	2019-10-23	Gangwon	South Korea	Hwacheon	Pungsan-ri	genbank	"Multiplex PCR-Based Nanopore Sequencing and Epidemiological Surveillance of Hantaan orthohantavirus in Apodemus agrarius, Republic of Korea"	"Viruses 13, 847 (2021)"	https://doi.org/10.3390/v13050847
HTNV_Aa19-167	Apodemus agrarius		lineage 1	lineage 1	MW796142	2019-11-19	Gyeonggi	South Korea	Yeoncheon	Sang-ri	genbank	"Multiplex PCR-Based Nanopore Sequencing and Epidemiological Surveillance of Hantaan orthohantavirus in Apodemus agrarius, Republic of Korea"	"Viruses 13, 847 (2021)"	https://doi.org/10.3390/v13050847
HTNV_Aa19-233	Apodemus agrarius		lineage 2	hybrid zone	MW796143	2019-05-07	Gangwon	South Korea	Cheorwon	Gwanu-ri	genbank	"Multiplex PCR-Based Nanopore Sequencing and Epidemiological Surveillance of Hantaan orthohantavirus in Apodemus agrarius, Republic of Korea"	"Viruses 13, 847 (2021)"	https://doi.org/10.3390/v13050847
HTNV_Aa19-236	Apodemus agrarius		lineage 2	hybrid zone	MW796144	2019-05-07	Gangwon	South Korea	Cheorwon	Gwanu-ri	genbank	"Multiplex PCR-Based Nanopore Sequencing and Epidemiological Surveillance of Hantaan orthohantavirus in Apodemus agrarius, Republic of Korea"	"Viruses 13, 847 (2021)"	https://doi.org/10.3390/v13050847
HTNV_Aa19-278	Apodemus agrarius		lineage 2	hybrid zone	MW796145	2019-09-03	Gangwon	South Korea	Cheorwon	Gwanu-ri	genbank	"Multiplex PCR-Based Nanopore Sequencing and Epidemiological Surveillance of Hantaan orthohantavirus in Apodemus agrarius, Republic of Korea"	"Viruses 13, 847 (2021)"	https://doi.org/10.3390/v13050847
HTNV_Aa19-36	Apodemus agrarius		lineage 2	hybrid zone	MW796134	2019-05-15	Gangwon	South Korea	Cheorwon	Dochang-ri	genbank	"Multiplex PCR-Based Nanopore Sequencing and Epidemiological Surveillance of Hantaan orthohantavirus in Apodemus agrarius, Republic of Korea"	"Viruses 13, 847 (2021)"	https://doi.org/10.3390/v13050847
HTNV_Aa19-38	Apodemus agrarius		lineage 2	hybrid zone	MW796135	2019-05-15	Gangwon	South Korea	Cheorwon	Dochang-ri	genbank	"Multiplex PCR-Based Nanopore Sequencing and Epidemiological Surveillance of Hantaan orthohantavirus in Apodemus agrarius, Republic of Korea"	"Viruses 13, 847 (2021)"	https://doi.org/10.3390/v13050847
HTNV_Aa19-39	Apodemus agrarius		lineage 2	hybrid zone	MW796136	2019-05-15	Gangwon	South Korea	Cheorwon	Dochang-ri	genbank	"Multiplex PCR-Based Nanopore Sequencing and Epidemiological Surveillance of Hantaan orthohantavirus in Apodemus agrarius, Republic of Korea"	"Viruses 13, 847 (2021)"	https://doi.org/10.3390/v13050847
HTNV_Aa19-57	Apodemus agrarius	Reassortant	lineage 1	lineage 1	MW796137	2019-05-21	Gyeonggi	South Korea	Pocheon	Jangam-ri	genbank	"Multiplex PCR-Based Nanopore Sequencing and Epidemiological Surveillance of Hantaan orthohantavirus in Apodemus agrarius, Republic of Korea"	"Viruses 13, 847 (2021)"	https://doi.org/10.3390/v13050847
HTNV_Aa19-89	Apodemus agrarius	Reassortant	lineage 1	hybrid zone	MW796138	2019-10-11	Gyeonggi	South Korea	Yeoncheon	Dosin-ri	genbank	"Multiplex PCR-Based Nanopore Sequencing and Epidemiological Surveillance of Hantaan orthohantavirus in Apodemus agrarius, Republic of Korea"	"Viruses 13, 847 (2021)"	https://doi.org/10.3390/v13050847
HTNV_Aa22-127	Apodemus agrarius		lineage 2	hybrid zone		2022-05-27	Gangwon	South Korea	Hwacheon	Guun-ri	genbank			
HTNV_Aa22-159	Apodemus agrarius		lineage 2	hybrid zone		2022-06-16	Gangwon	South Korea	Cheorwon	Pungam-ri	genbank			
HTNV_Aa22-184	Apodemus agrarius		lineage 1	lineage 1		2022-07-12	Gyeonggi	South Korea	Yeoncheon	Duil-ri	genbank			
HTNV_Aa22-65	Apodemus agrarius		unclassfied	hybrid zone		2022-04-20	Gangwon	South Korea	Inje	Gapdun-ri	genbank			
HTNV_Aa22-82	Apodemus agrarius		lineage 2	hybrid zone		2022-04-28	Gyeonggi	South Korea	Yeoncheon	Majeon-ri	genbank			
HTNV_Aa22-84	Apodemus agrarius	Reassortant	lineage 1	lineage 1		2022-05-04	Gyeonggi	South Korea	Paju	Icheon-ri	genbank			
HTNV_Aa22-95	Apodemus agrarius	Reassortant	lineage 1	lineage 1		2022-05-04	Gyeonggi	South Korea	Paju	Icheon-ri	genbank			
HTNV_Aa23-115	Apodemus agrarius		lineage 2	hybrid zone		2023-04-20	Gangwon	South Korea	Cheorwon	Sangsa-ri	genbank			
HTNV_Aa23-117	Apodemus agrarius		lineage 2	hybrid zone		2023-04-20	Gangwon	South Korea	Cheorwon	Sangsa-ri	genbank			
HTNV_Aa23-118	Apodemus agrarius		lineage 2	hybrid zone		2023-04-20	Gangwon	South Korea	Cheorwon	Sangsa-ri	genbank			
HTNV_Aa23-130	Apodemus agrarius		lineage 2	hybrid zone		2023-04-20	Gangwon	South Korea	Cheorwon	Sangsa-ri	genbank			
HTNV_Aa23-132	Apodemus agrarius		lineage 2	hybrid zone		2023-04-20	Gangwon	South Korea	Cheorwon	Sangsa-ri	genbank			
HTNV_Aa23-170	Apodemus agrarius		lineage 1	lineage 1		2023-05-17	Gyeonggi	South Korea	Paju	Baegyeon-ri	genbank			
HTNV_Aa23-174	Apodemus agrarius		lineage 1	lineage 1		2023-05-17	Gyeonggi	South Korea	Paju	Baegyeon-ri	genbank			
HTNV_Aa23-35	Apodemus agrarius	Reassortant	lineage 1	hybrid zone		2023-03-28	Gyeonggi	South Korea	Yeoncheon	Wacho-ri	genbank			
HTNV_Ac19-6	Apodemus chejuensis		lineage 4	lineage 4	MW219768	2019-04-25	Jeju	South Korea	Jeju	Ora-2-dong	genbank	A novel genotype of Hantaan orthohantavirus harbored by Apodemus agrarius chejuensis as a potential etiologic agent of hemorrhagic fever with renal syndrome in Republic of Korea	"PLOS Neglected Tropical Diseases / Published: May 12, 2021"	https://doi.org/10.1371/journal.pntd.0009400
HTNV_Ac20-30	Apodemus chejuensis		lineage 4	lineage 4	MW219771	2020-02-05	Jeju	South Korea	Jeju	Bongseong-ri	genbank	A novel genotype of Hantaan orthohantavirus harbored by Apodemus agrarius chejuensis as a potential etiologic agent of hemorrhagic fever with renal syndrome in Republic of Korea	"PLOS Neglected Tropical Diseases / Published: May 12, 2021"	https://doi.org/10.1371/journal.pntd.0009400
HTNV_Ac20-31	Apodemus chejuensis		lineage 4	lineage 4	MW219772	2020-02-05	Jeju	South Korea	Jeju	Bongseong-ri	genbank	A novel genotype of Hantaan orthohantavirus harbored by Apodemus agrarius chejuensis as a potential etiologic agent of hemorrhagic fever with renal syndrome in Republic of Korea	"PLOS Neglected Tropical Diseases / Published: May 12, 2021"	https://doi.org/10.1371/journal.pntd.0009400
HTNV_Ac20-32	Apodemus chejuensis		lineage 4	lineage 4	MW219773	2020-02-05	Jeju	South Korea	Jeju	Bongseong-ri	genbank	A novel genotype of Hantaan orthohantavirus harbored by Apodemus agrarius chejuensis as a potential etiologic agent of hemorrhagic fever with renal syndrome in Republic of Korea	"PLOS Neglected Tropical Diseases / Published: May 12, 2021"	https://doi.org/10.1371/journal.pntd.0009400
HTNV_Ac20-5	Apodemus chejuensis		lineage 4	lineage 4	MW219769	2020-02-03	Jeju	South Korea	Jeju	Ora-2-dong	genbank	A novel genotype of Hantaan orthohantavirus harbored by Apodemus agrarius chejuensis as a potential etiologic agent of hemorrhagic fever with renal syndrome in Republic of Korea	"PLOS Neglected Tropical Diseases / Published: May 12, 2021"	https://doi.org/10.1371/journal.pntd.0009400
HTNV_Ac20-6	Apodemus chejuensis		lineage 4	lineage 4	MW219770	2020-02-03	Jeju	South Korea	Jeju	Ora-2-dong	genbank	A novel genotype of Hantaan orthohantavirus harbored by Apodemus agrarius chejuensis as a potential etiologic agent of hemorrhagic fever with renal syndrome in Republic of Korea	"PLOS Neglected Tropical Diseases / Published: May 12, 2021"	https://doi.org/10.1371/journal.pntd.0009400
HTNV_ROKA13-8	Homo sapiens		lineage 2	hybrid zone	KU207206	2013-12-16	Gangwon	South Korea	Hwacheon		genbank	Phylogeographic analysis of hemorrhagic fever with renal syndrome patients using multiplex PCR-based next generation sequencing	"Scientific Reports volume 6, Article number: 26017 (2016)"	https://www.nature.com/articles/srep26017
HTNV_ROKA14-11	Homo sapiens	Reassortant	lineage 1	lineage 1	KU207207	2014-11-28	Gyeonggi	South Korea	Paju		genbank	Phylogeographic analysis of hemorrhagic fever with renal syndrome patients using multiplex PCR-based next generation sequencing	"Scientific Reports volume 6, Article number: 26017 (2016)"	https://www.nature.com/articles/srep26017
HTNV_ROKA16-10	Homo sapiens	Reassortant	lineage 1	hybrid zone	MW219752	2016-12-14	Gyeonggi	South Korea	Pocheon		genbank	Urinary genome detection and tracking of Hantaan virus from hemorrhagic fever with renal syndrome patients using multiplex PCRbased next-generation sequencing	"PLOS Neglected Tropical Diseases / Published: Sep 28, 2021"	https://doi.org/10.1371/ journal.pntd.0009707
HTNV_ROKA16-12	Homo sapiens	Reassortant	lineage 1	lineage 1	MW219753	2016-12-19	Gyeonggi	South Korea	Paju		genbank	Urinary genome detection and tracking of Hantaan virus from hemorrhagic fever with renal syndrome patients using multiplex PCRbased next-generation sequencing	"PLOS Neglected Tropical Diseases / Published: Sep 28, 2021"	https://doi.org/10.1371/ journal.pntd.0009707
HTNV_ROKA16-9	Homo sapiens	Reassortant	lineage 1	hybrid zone	MH598494	2016-12-14	Gyeonggi	South Korea	Yeoncheon		genbank	Active Targeted Surveillance to Identify Sites of Emergence of Hantavirus	"Clinical Infectious Diseases, Volume 70, Issue 3, 1 February 2020, Pages 464473"	https://doi.org/10.1093/cid/ciz234
HTNV_ROKA17-15	Homo sapiens		lineage 1	lineage 1	MW219755	2017-10-27	Gyeonggi	South Korea	Yeoncheon		genbank	Urinary genome detection and tracking of Hantaan virus from hemorrhagic fever with renal syndrome patients using multiplex PCRbased next-generation sequencing	"PLOS Neglected Tropical Diseases / Published: Sep 28, 2021"	https://doi.org/10.1371/ journal.pntd.0009707
HTNV_ROKA17-2	Homo sapiens	Reassortant	lineage 1	lineage 1	MW219754	2017-01-10	Gyeonggi	South Korea	Paju		genbank	Urinary genome detection and tracking of Hantaan virus from hemorrhagic fever with renal syndrome patients using multiplex PCRbased next-generation sequencing	"PLOS Neglected Tropical Diseases / Published: Sep 28, 2021"	https://doi.org/10.1371/ journal.pntd.0009707
HTNV_ROKA17-3	Homo sapiens	Reassortant	lineage 1	lineage 1	MH598495	2017-01-12	Gyeonggi	South Korea	Paju		genbank	Active Targeted Surveillance to Identify Sites of Emergence of Hantavirus	"Clinical Infectious Diseases, Volume 70, Issue 3, 1 February 2020, Pages 464473"	https://doi.org/10.1093/cid/ciz234
HTNV_ROKA17-5	Homo sapiens	Reassortant	lineage 1	lineage 1	MH598496	2017-01-14	Gyeonggi	South Korea	Paju		genbank	Active Targeted Surveillance to Identify Sites of Emergence of Hantavirus	"Clinical Infectious Diseases, Volume 70, Issue 3, 1 February 2020, Pages 464473"	https://doi.org/10.1093/cid/ciz234
HTNV_ROKA17-7	Homo sapiens	Reassortant	lineage 1	lineage 1	MH598497	2017-01-17	Gyeonggi	South Korea	Paju		genbank	Active Targeted Surveillance to Identify Sites of Emergence of Hantavirus	"Clinical Infectious Diseases, Volume 70, Issue 3, 1 February 2020, Pages 464473"	https://doi.org/10.1093/cid/ciz234
HTNV_ROKA17-8	Homo sapiens	Reassortant	lineage 1	lineage 1	MH598498	2017-01-18	Gyeonggi	South Korea	Paju		genbank	Active Targeted Surveillance to Identify Sites of Emergence of Hantavirus	"Clinical Infectious Diseases, Volume 70, Issue 3, 1 February 2020, Pages 464473"	https://doi.org/10.1093/cid/ciz234