strain	host	genetic exchange	lineage	hybrid zone	accession	date	province	country	city	town	db	title	journal	paper_url
HTNV_76-118	Apodemus agrarius		lineage 3	lineage 3	NC005219	1976-XX-XX	Gyeonggi	South Korea	Dongducheon		genbank	Nucleotide sequence of the L genome segment of Hantaan virus	"Nucleic Acids Res / Published: Nov 25, 1990"	https://doi.org/10.1093/nar/18.22.6728
HTNV_Aa03-161	Apodemus agrarius		lineage 1	lineage 1	KT934990	2003.3.25	Gyeonggi	South Korea	Yeoncheon	Tonghyeon-ri	genbank	"Genetic Diversity and Reassortment of Hantaan Virus Tripartite RNA Genomes in Nature, the Republic of Korea"	"PLOS Neglected Tropical Diseases / Published: June 17, 2016"	https://doi.org/10.1371/journal.pntd.0004650
HTNV_Aa03-386	Apodemus agrarius		lineage 1	lineage 1	KT934991	2003.6.9	Gyeonggi	South Korea	Yeoncheon	Tonghyeon-ri	genbank	"Genetic Diversity and Reassortment of Hantaan Virus Tripartite RNA Genomes in Nature, the Republic of Korea"	"PLOS Neglected Tropical Diseases / Published: June 17, 2016"	https://doi.org/10.1371/journal.pntd.0004650
HTNV_Aa03-387	Apodemus agrarius		lineage 1	lineage 1	KT934992	2003.6.9	Gyeonggi	South Korea	Yeoncheon	Tonghyeon-ri	genbank	"Genetic Diversity and Reassortment of Hantaan Virus Tripartite RNA Genomes in Nature, the Republic of Korea"	"PLOS Neglected Tropical Diseases / Published: June 17, 2016"	https://doi.org/10.1371/journal.pntd.0004650
HTNV_Aa05-190	Apodemus agrarius	Reassortant	lineage 1	lineage 1	KT934993	2005.3.22	Gyeonggi	South Korea	Paju	Jangjwa-ri	genbank	"Genetic Diversity and Reassortment of Hantaan Virus Tripartite RNA Genomes in Nature, the Republic of Korea"	"PLOS Neglected Tropical Diseases / Published: June 17, 2016"	https://doi.org/10.1371/journal.pntd.0004650
HTNV_Aa05-241	Apodemus agrarius	Reassortant	lineage 1	lineage 1	KT934994	2005.3.24	Gyeonggi	South Korea	Paju	Jangjwa-ri	genbank	"Genetic Diversity and Reassortment of Hantaan Virus Tripartite RNA Genomes in Nature, the Republic of Korea"	"PLOS Neglected Tropical Diseases / Published: June 17, 2016"	https://doi.org/10.1371/journal.pntd.0004650
HTNV_Aa05-249	Apodemus agrarius	Reassortant	lineage 1	lineage 1	KT934995	2005.3.25	Gyeonggi	South Korea	Paju	Jangjwa-ri	genbank	"Genetic Diversity and Reassortment of Hantaan Virus Tripartite RNA Genomes in Nature, the Republic of Korea"	"PLOS Neglected Tropical Diseases / Published: June 17, 2016"	https://doi.org/10.1371/journal.pntd.0004650
HTNV_Aa05-331	Apodemus agrarius		lineage 1	lineage 1	KT934996	2005.6.21	Gyeonggi	South Korea	Yeoncheon	Tonghyeon-ri	genbank	"Genetic Diversity and Reassortment of Hantaan Virus Tripartite RNA Genomes in Nature, the Republic of Korea"	"PLOS Neglected Tropical Diseases / Published: June 17, 2016"	https://doi.org/10.1371/journal.pntd.0004650
HTNV_Aa05-771	Apodemus agrarius		lineage 1	lineage 1	KT934997	2005.9.8	Gyeonggi	South Korea	Yeoncheon	Tonghyeon-ri	genbank	"Genetic Diversity and Reassortment of Hantaan Virus Tripartite RNA Genomes in Nature, the Republic of Korea"	"PLOS Neglected Tropical Diseases / Published: June 17, 2016"	https://doi.org/10.1371/journal.pntd.0004650
HTNV_Aa05-775	Apodemus agrarius		lineage 1	lineage 1	KT934998	2005.9.8	Gyeonggi	South Korea	Yeoncheon	Tonghyeon-ri	genbank	"Genetic Diversity and Reassortment of Hantaan Virus Tripartite RNA Genomes in Nature, the Republic of Korea"	"PLOS Neglected Tropical Diseases / Published: June 17, 2016"	https://doi.org/10.1371/journal.pntd.0004650
HTNV_Aa08-1111	Apodemus agrarius		lineage 3	lineage 3	KY594715	2008.10.22	Gyeonggi	South Korea	Pyeongtaek		genbank	"Hantavirus surveillance and genetic diversity targeting small mammals at Camp Humphreys, a US military installation and new expansion site, Republic of Korea"	PLOS One published: 2017 Apr	https://pubmed.ncbi.nlm.nih.gov/28448595
HTNV_Aa09-1000	Apodemus agrarius	Reassortant	lineage 1	lineage 1	KT935001	2009.6.24	Gyeonggi	South Korea	Pocheon	Jangam-ri	genbank	"Genetic Diversity and Reassortment of Hantaan Virus Tripartite RNA Genomes in Nature, the Republic of Korea"	"PLOS Neglected Tropical Diseases / Published: June 17, 2016"	https://doi.org/10.1371/journal.pntd.0004650
HTNV_Aa09-189	Apodemus agrarius		lineage 3	lineage 3	KY594716	2009.2.6	Gyeonggi	South Korea	Pyeongtaek		genbank	"Hantavirus surveillance and genetic diversity targeting small mammals at Camp Humphreys, a US military installation and new expansion site, Republic of Korea"	PLOS One published: 2017 Apr	https://pubmed.ncbi.nlm.nih.gov/28448595
HTNV_Aa09-198	Apodemus agrarius		lineage 3	lineage 3	KY594717	2009.2.6	Gyeonggi	South Korea	Pyeongtaek		genbank	"Hantavirus surveillance and genetic diversity targeting small mammals at Camp Humphreys, a US military installation and new expansion site, Republic of Korea"	PLOS One published: 2017 Apr	https://pubmed.ncbi.nlm.nih.gov/28448595
HTNV_Aa09-652	Apodemus agrarius	Reassortant	lineage 1	lineage 1	KT934999	2009.4.30	Gyeonggi	South Korea	Pocheon	Jangam-ri	genbank	"Genetic Diversity and Reassortment of Hantaan Virus Tripartite RNA Genomes in Nature, the Republic of Korea"	"PLOS Neglected Tropical Diseases / Published: June 17, 2016"	https://doi.org/10.1371/journal.pntd.0004650
HTNV_Aa09-948	Apodemus agrarius	Reassortant	lineage 1	lineage 1	KT935000	2009.6.24	Gyeonggi	South Korea	Pocheon	Jangam-ri	genbank	"Genetic Diversity and Reassortment of Hantaan Virus Tripartite RNA Genomes in Nature, the Republic of Korea"	"PLOS Neglected Tropical Diseases / Published: June 17, 2016"	https://doi.org/10.1371/journal.pntd.0004650
HTNV_Aa10-123	Apodemus agrarius	Reassortant	lineage 1	lineage 1	KT935002	2010.3.25	Gyeonggi	South Korea	Paju	Jikcheon-ri	genbank	"Genetic Diversity and Reassortment of Hantaan Virus Tripartite RNA Genomes in Nature, the Republic of Korea"	"PLOS Neglected Tropical Diseases / Published: June 17, 2016"	https://doi.org/10.1371/journal.pntd.0004650
HTNV_Aa10-288	Apodemus agrarius	Reassortant	lineage 1	lineage 1	KT935003	2010.5.11	Gyeonggi	South Korea	Paju	Jikcheon-ri	genbank	"Genetic Diversity and Reassortment of Hantaan Virus Tripartite RNA Genomes in Nature, the Republic of Korea"	"PLOS Neglected Tropical Diseases / Published: June 17, 2016"	https://doi.org/10.1371/journal.pntd.0004650
HTNV_Aa10-434	Apodemus agrarius	Reassortant	lineage 1	lineage 1	KT935004	2010.8.23	Gyeonggi	South Korea	Paju	Mugeon-ri	genbank	"Genetic Diversity and Reassortment of Hantaan Virus Tripartite RNA Genomes in Nature, the Republic of Korea"	"PLOS Neglected Tropical Diseases / Published: June 17, 2016"	https://doi.org/10.1371/journal.pntd.0004650
HTNV_Aa10-518	Apodemus agrarius	Reassortant	lineage 1	lineage 1	KT935005	2010.11.29	Gyeonggi	South Korea	Paju	Mugeon-ri	genbank	"Genetic Diversity and Reassortment of Hantaan Virus Tripartite RNA Genomes in Nature, the Republic of Korea"	"PLOS Neglected Tropical Diseases / Published: June 17, 2016"	https://doi.org/10.1371/journal.pntd.0004650
HTNV_Aa10-561	Apodemus agrarius	Reassortant	lineage 1	lineage 1	KT935006	2010.11.29	Gyeonggi	South Korea	Paju	Mugeon-ri	genbank	"Genetic Diversity and Reassortment of Hantaan Virus Tripartite RNA Genomes in Nature, the Republic of Korea"	"PLOS Neglected Tropical Diseases / Published: June 17, 2016"	https://doi.org/10.1371/journal.pntd.0004650
HTNV_Aa10-679	Apodemus agrarius	Reassortant	lineage 1	lineage 1	KT935007	2010.12.1	Gyeonggi	South Korea	Paju	Jikcheon-ri	genbank	"Genetic Diversity and Reassortment of Hantaan Virus Tripartite RNA Genomes in Nature, the Republic of Korea"	"PLOS Neglected Tropical Diseases / Published: June 17, 2016"	https://doi.org/10.1371/journal.pntd.0004650
HTNV_Aa13-3	Apodemus agrarius		lineage 1	lineage 1	KX687227	2013.9.12	Gyeonggi	South Korea	Yeoncheon	Seongok-ri	genbank	"Sequence-Independent, Single-Primer Amplification Next-Generation Sequencing of Hantaan Virus Cell Culture-Based Isolates"	"The American Journal of Tropical Medicine and Hygiene, Volume 96: Issue 2, Published Online: 08 Feb 2017, Page(s): 389394"	https://doi.org/10.4269/ajtmh.16-0683
HTNV_Aa14-172	Apodemus agrarius	Reassortant	lineage 1	lineage 1	KT935008	2014.9.23	Gyeonggi	South Korea	Paju	Jangjwa-ri	genbank	"Genetic Diversity and Reassortment of Hantaan Virus Tripartite RNA Genomes in Nature, the Republic of Korea"	"PLOS Neglected Tropical Diseases / Published: June 17, 2016"	https://doi.org/10.1371/journal.pntd.0004650
HTNV_Aa14-175	Apodemus agrarius	Reassortant	lineage 1	lineage 1	KU207163	2014.9.23	Gyeonggi	South Korea	Paju	Jangjwa-ri	genbank	"Sequence-Independent, Single-Primer Amplification Next-Generation Sequencing of Hantaan Virus Cell Culture-Based Isolates"	"The American Journal of Tropical Medicine and Hygiene, Volume 96: Issue 2, Published Online: 08 Feb 2017, Page(s): 389394"	https://doi.org/10.4269/ajtmh.16-0683
HTNV_Aa14-184	Apodemus agrarius	Reassortant	lineage 1	lineage 1	KU207164	2014.9.23	Gyeonggi	South Korea	Paju	Jangjwa-ri	genbank	"Sequence-Independent, Single-Primer Amplification Next-Generation Sequencing of Hantaan Virus Cell Culture-Based Isolates"	"The American Journal of Tropical Medicine and Hygiene, Volume 96: Issue 2, Published Online: 08 Feb 2017, Page(s): 389394"	https://doi.org/10.4269/ajtmh.16-0683
HTNV_Aa14-186	Apodemus agrarius	Reassortant	lineage 1	lineage 1	KX687228	2014.9.23	Gyeonggi	South Korea	Paju	Jangjwa-ri	genbank	"Sequence-Independent, Single-Primer Amplification Next-Generation Sequencing of Hantaan Virus Cell Culture-Based Isolates"	"The American Journal of Tropical Medicine and Hygiene, Volume 96: Issue 2, Published Online: 08 Feb 2017, Page(s): 389394"	https://doi.org/10.4269/ajtmh.16-0683
HTNV_Aa14-188	Apodemus agrarius	Reassortant	lineage 1	lineage 1	KT935009	2014.9.23	Gyeonggi	South Korea	Paju	Jangjwa-ri	genbank	"Genetic Diversity and Reassortment of Hantaan Virus Tripartite RNA Genomes in Nature, the Republic of Korea"	"PLOS Neglected Tropical Diseases / Published: June 17, 2016"	https://doi.org/10.1371/journal.pntd.0004650
HTNV_Aa14-198	Apodemus agrarius	Reassortant	lineage 1	lineage 1	KT935010	2014.9.23	Gyeonggi	South Korea	Paju	Jangjwa-ri	genbank	"Genetic Diversity and Reassortment of Hantaan Virus Tripartite RNA Genomes in Nature, the Republic of Korea"	"PLOS Neglected Tropical Diseases / Published: June 17, 2016"	https://doi.org/10.1371/journal.pntd.0004650
HTNV_Aa14-204	Apodemus agrarius	Reassortant	lineage 1	lineage 1	KT935011	2014.9.24	Gyeonggi	South Korea	Paju	Jikcheon-ri	genbank	"Genetic Diversity and Reassortment of Hantaan Virus Tripartite RNA Genomes in Nature, the Republic of Korea"	"PLOS Neglected Tropical Diseases / Published: June 17, 2016"	https://doi.org/10.1371/journal.pntd.0004650
HTNV_Aa14-207	Apodemus agrarius	Reassortant	lineage 1	lineage 1	KT935012	2014.9.24	Gyeonggi	South Korea	Paju	Jikcheon-ri	genbank	"Genetic Diversity and Reassortment of Hantaan Virus Tripartite RNA Genomes in Nature, the Republic of Korea"	"PLOS Neglected Tropical Diseases / Published: June 17, 2016"	https://doi.org/10.1371/journal.pntd.0004650
HTNV_Aa14-234	Apodemus agrarius		lineage 1	hybrid zone	KX687230	2014.9.25	Gyeonggi	South Korea	Yeoncheon	Sindap-ri	genbank	"Sequence-Independent, Single-Primer Amplification Next-Generation Sequencing of Hantaan Virus Cell Culture-Based Isolates"	"The American Journal of Tropical Medicine and Hygiene, Volume 96: Issue 2, Published Online: 08 Feb 2017, Page(s): 389394"	https://doi.org/10.4269/ajtmh.16-0683
HTNV_Aa14-239	Apodemus agrarius		lineage 1	hybrid zone	KX687231	2014.9.25	Gyeonggi	South Korea	Yeoncheon	Sindap-ri	genbank	"Sequence-Independent, Single-Primer Amplification Next-Generation Sequencing of Hantaan Virus Cell Culture-Based Isolates"	"The American Journal of Tropical Medicine and Hygiene, Volume 96: Issue 2, Published Online: 08 Feb 2017, Page(s): 389394"	https://doi.org/10.4269/ajtmh.16-0683
HTNV_Aa14-266	Apodemus agrarius	Reassortant	lineage 2	hybrid zone	KT935013	2014.11.4	Gangwon	South Korea	Hwacheon	Samil-ri	genbank	"Genetic Diversity and Reassortment of Hantaan Virus Tripartite RNA Genomes in Nature, the Republic of Korea"	"PLOS Neglected Tropical Diseases / Published: June 17, 2016"	https://doi.org/10.1371/journal.pntd.0004650
HTNV_Aa14-272	Apodemus agrarius	Reassortant	lineage 2	hybrid zone	KT935014	2014.11.4	Gangwon	South Korea	Hwacheon	Samil-ri	genbank	"Genetic Diversity and Reassortment of Hantaan Virus Tripartite RNA Genomes in Nature, the Republic of Korea"	"PLOS Neglected Tropical Diseases / Published: June 17, 2016"	https://doi.org/10.1371/journal.pntd.0004650
HTNV_Aa14-362	Apodemus agrarius	Reassortant	lineage 1	lineage 1	KT935015	2014.11.14	Gangwon	South Korea	Cheorwon	Oji-ri	genbank	"Genetic Diversity and Reassortment of Hantaan Virus Tripartite RNA Genomes in Nature, the Republic of Korea"	"PLOS Neglected Tropical Diseases / Published: June 17, 2016"	https://doi.org/10.1371/journal.pntd.0004650
HTNV_Aa14-368	Apodemus agrarius	Reassortant	lineage 1	lineage 1	KT935016	2014.11.14	Gangwon	South Korea	Cheorwon	Oji-ri	genbank	"Genetic Diversity and Reassortment of Hantaan Virus Tripartite RNA Genomes in Nature, the Republic of Korea"	"PLOS Neglected Tropical Diseases / Published: June 17, 2016"	https://doi.org/10.1371/journal.pntd.0004650
HTNV_Aa14-386	Apodemus agrarius	Reassortant	lineage 1	lineage 1	KT935017	2014.11.14	Gangwon	South Korea	Cheorwon	Oji-ri	genbank	"Genetic Diversity and Reassortment of Hantaan Virus Tripartite RNA Genomes in Nature, the Republic of Korea"	"PLOS Neglected Tropical Diseases / Published: June 17, 2016"	https://doi.org/10.1371/journal.pntd.0004650
HTNV_Aa14-404	Apodemus agrarius	Reassortant	lineage 2	lineage 2	KT935018	2014.11.21	Gangwon	South Korea	Yanggu	Mandae-ri	genbank	"Genetic Diversity and Reassortment of Hantaan Virus Tripartite RNA Genomes in Nature, the Republic of Korea"	"PLOS Neglected Tropical Diseases / Published: June 17, 2016"	https://doi.org/10.1371/journal.pntd.0004650
HTNV_Aa14-406	Apodemus agrarius	Reassortant	lineage 2	lineage 2	KT935019	2014.11.21	Gangwon	South Korea	Yanggu	Mandae-ri	genbank	"Genetic Diversity and Reassortment of Hantaan Virus Tripartite RNA Genomes in Nature, the Republic of Korea"	"PLOS Neglected Tropical Diseases / Published: June 17, 2016"	https://doi.org/10.1371/journal.pntd.0004650
HTNV_Aa14-408	Apodemus agrarius	Reassortant	lineage 2	lineage 2	KT935020	2014.11.21	Gangwon	South Korea	Yanggu	Mandae-ri	genbank	"Genetic Diversity and Reassortment of Hantaan Virus Tripartite RNA Genomes in Nature, the Republic of Korea"	"PLOS Neglected Tropical Diseases / Published: June 17, 2016"	https://doi.org/10.1371/journal.pntd.0004650
HTNV_Aa14-412	Apodemus agrarius	Reassortant	lineage 2	lineage 2	KT935021	2014.11.21	Gangwon	South Korea	Yanggu	Mandae-ri	genbank	"Genetic Diversity and Reassortment of Hantaan Virus Tripartite RNA Genomes in Nature, the Republic of Korea"	"PLOS Neglected Tropical Diseases / Published: June 17, 2016"	https://doi.org/10.1371/journal.pntd.0004650
HTNV_Aa14-423	Apodemus agrarius	Reassortant	lineage 2	lineage 2	KT935022	2014.11.21	Gangwon	South Korea	Yanggu	Mandae-ri	genbank	"Genetic Diversity and Reassortment of Hantaan Virus Tripartite RNA Genomes in Nature, the Republic of Korea"	"PLOS Neglected Tropical Diseases / Published: June 17, 2016"	https://doi.org/10.1371/journal.pntd.0004650
HTNV_Aa14-438	Apodemus agrarius	Reassortant	lineage 2	lineage 2	KT935023	2014.11.21	Gangwon	South Korea	Yanggu	Mandae-ri	genbank	"Genetic Diversity and Reassortment of Hantaan Virus Tripartite RNA Genomes in Nature, the Republic of Korea"	"PLOS Neglected Tropical Diseases / Published: June 17, 2016"	https://doi.org/10.1371/journal.pntd.0004650
HTNV_Aa15-56	Apodemus agrarius		lineage 1	hybrid zone	KU207187	2023.4.23	Gangwon	South Korea	Cheorwon	Munhye-ri	genbank	Phylogeographic analysis of hemorrhagic fever with renal syndrome patients using multiplex PCR-based next generation sequencing	"Scientific Reports volume 6, Article number: 26017 (2016)"	https://www.nature.com/articles/srep26017
HTNV_Aa15-58	Apodemus agrarius		lineage 1	hybrid zone	KU207188	2023.4.23	Gangwon	South Korea	Cheorwon	Munhye-ri	genbank	Phylogeographic analysis of hemorrhagic fever with renal syndrome patients using multiplex PCR-based next generation sequencing	"Scientific Reports volume 6, Article number: 26017 (2016)"	https://www.nature.com/articles/srep26017
HTNV_Aa15-69	Apodemus agrarius		lineage 1	hybrid zone	MT012558	2015.4.29	Gangwon	South Korea	Hwacheon	Sanyang-ri	genbank	"Phylogeographic diversity and hybrid zone of Hantaan orthohantavirus collected in Gangwon Province, Republic of Korea"	"PLOS Neglected Tropical Diseases / Published: October 9, 2020"	https://doi.org/10.1371/journal.pntd.0008714
HTNV_Aa15-74	Apodemus agrarius		lineage 1	hybrid zone	MT012559	2015.4.29	Gangwon	South Korea	Hwacheon	Sanyang-ri	genbank	"Phylogeographic diversity and hybrid zone of Hantaan orthohantavirus collected in Gangwon Province, Republic of Korea"	"PLOS Neglected Tropical Diseases / Published: October 9, 2020"	https://doi.org/10.1371/journal.pntd.0008714
HTNV_Aa15-82	Apodemus agrarius		lineage 1	hybrid zone	MT012560	2015.4.30	Gangwon	South Korea	Hwacheon	Sanyang-ri	genbank	"Phylogeographic diversity and hybrid zone of Hantaan orthohantavirus collected in Gangwon Province, Republic of Korea"	"PLOS Neglected Tropical Diseases / Published: October 9, 2020"	https://doi.org/10.1371/journal.pntd.0008714
HTNV_Aa15-84	Apodemus agrarius		lineage 1	hybrid zone	MT012561	2015.4.30	Gangwon	South Korea	Hwacheon	Sanyang-ri	genbank	"Phylogeographic diversity and hybrid zone of Hantaan orthohantavirus collected in Gangwon Province, Republic of Korea"	"PLOS Neglected Tropical Diseases / Published: October 9, 2020"	https://doi.org/10.1371/journal.pntd.0008714
HTNV_Aa16-181	Apodemus agrarius	Reassortant	lineage 1	lineage 1	MK548659	2016.11.25	Gyeonggi	South Korea	Paju	Ohyeon-ri	genbank	Comparison of targeted next-generation sequencing for whole-genome sequencing of Hantaan orthohantavirus in Apodemus agrarius lung tissues	"Scientific Reportsvolume9, Articlenumber:16631(2019)"	https://doi.org/10.1038/s41598-019-53043-2
HTNV_Aa16-185	Apodemus agrarius	Reassortant	lineage 1	lineage 1	MK548660	2016.11.25	Gyeonggi	South Korea	Paju	Ohyeon-ri	genbank	Comparison of targeted next-generation sequencing for whole-genome sequencing of Hantaan orthohantavirus in Apodemus agrarius lung tissues	"Scientific Reportsvolume9, Articlenumber:16631(2019)"	https://doi.org/10.1038/s41598-019-53043-2
HTNV_Aa16-19	Apodemus agrarius	Reassortant	lineage 1	lineage 1	MK548655	2016.6.21	Gyeonggi	South Korea	Pocheon	Nogok-ri	genbank	Comparison of targeted next-generation sequencing for whole-genome sequencing of Hantaan orthohantavirus in Apodemus agrarius lung tissues	"Scientific Reportsvolume9, Articlenumber:16631(2019)"	https://doi.org/10.1038/s41598-019-53043-2
HTNV_Aa16-21	Apodemus agrarius	Reassortant	lineage 1	lineage 1	MK548656	2016.6.21	Gyeonggi	South Korea	Pocheon	Nogok-ri	genbank	Comparison of targeted next-generation sequencing for whole-genome sequencing of Hantaan orthohantavirus in Apodemus agrarius lung tissues	"Scientific Reportsvolume9, Articlenumber:16631(2019)"	https://doi.org/10.1038/s41598-019-53043-2
HTNV_Aa16-22	Apodemus agrarius	Reassortant	lineage 1	lineage 1	MK548657	2016.6.21	Gyeonggi	South Korea	Pocheon	Nogok-ri	genbank	Comparison of targeted next-generation sequencing for whole-genome sequencing of Hantaan orthohantavirus in Apodemus agrarius lung tissues	"Scientific Reportsvolume9, Articlenumber:16631(2019)"	https://doi.org/10.1038/s41598-019-53043-2
HTNV_Aa16-50	Apodemus agrarius		lineage 1	lineage 1	MK548658	2016.10.12	Gyeonggi	South Korea	Yeoncheon	Dongi-ri	genbank	Comparison of targeted next-generation sequencing for whole-genome sequencing of Hantaan orthohantavirus in Apodemus agrarius lung tissues	"Scientific Reportsvolume9, Articlenumber:16631(2019)"	https://doi.org/10.1038/s41598-019-53043-2
HTNV_Aa17-285	Apodemus agrarius		lineage 1	lineage 1	OR700530	2017.11.16	Gyeonggi	South Korea	Yeoncheon	Wangnim-ri	genbank	"High_resolution phylogeographical surveillance of Hantaan orthohantavirus using rapid amplicon_based Flongle sequencing, Republic of Korea"	Journal of Medical Virology	DOI: 10.1002/jmv.29346
HTNV_Aa17-289	Apodemus agrarius		lineage 1	lineage 1	OR700531	2017.11.16	Gyeonggi	South Korea	Yeoncheon	Wangnim-ri	genbank	"High_resolution phylogeographical surveillance of Hantaan orthohantavirus using rapid amplicon_based Flongle sequencing, Republic of Korea"	Journal of Medical Virology	DOI: 10.1002/jmv.29346
HTNV_Aa17-337	Apodemus agrarius		lineage 1	hybrid zone	MT012562	2017.4.6	Gangwon	South Korea	Cheorwon	Gwanu-ri	genbank	"Phylogeographic diversity and hybrid zone of Hantaan orthohantavirus collected in Gangwon Province, Republic of Korea"	"PLOS Neglected Tropical Diseases / Published: October 9, 2020"	https://doi.org/10.1371/journal.pntd.0008714
HTNV_Aa17-353	Apodemus agrarius		lineage 1	hybrid zone	MT012563	2017.10.23	Gangwon	South Korea	Cheorwon	Gwanu-ri	genbank	"Phylogeographic diversity and hybrid zone of Hantaan orthohantavirus collected in Gangwon Province, Republic of Korea"	"PLOS Neglected Tropical Diseases / Published: October 9, 2020"	https://doi.org/10.1371/journal.pntd.0008714
HTNV_Aa17-367	Apodemus agrarius		lineage 1	hybrid zone	MT012564	2017.10.23	Gangwon	South Korea	Cheorwon	Gwanu-ri	genbank	"Phylogeographic diversity and hybrid zone of Hantaan orthohantavirus collected in Gangwon Province, Republic of Korea"	"PLOS Neglected Tropical Diseases / Published: October 9, 2020"	https://doi.org/10.1371/journal.pntd.0008714
HTNV_Aa17-421	Apodemus agrarius	Reassortant	unclassified	hybrid zone	MT012565	2017.10.29	Gangwon	South Korea	Chuncheon	Sinchon-ri	genbank	"Phylogeographic diversity and hybrid zone of Hantaan orthohantavirus collected in Gangwon Province, Republic of Korea"	"PLOS Neglected Tropical Diseases / Published: October 9, 2020"	https://doi.org/10.1371/journal.pntd.0008714
HTNV_Aa17-422	Apodemus agrarius	Reassortant	unclassified	hybrid zone	MT012566	2017.10.29	Gangwon	South Korea	Chuncheon	Sinchon-ri	genbank	"Phylogeographic diversity and hybrid zone of Hantaan orthohantavirus collected in Gangwon Province, Republic of Korea"	"PLOS Neglected Tropical Diseases / Published: October 9, 2020"	https://doi.org/10.1371/journal.pntd.0008714
HTNV_Aa17-48	Apodemus agrarius	Reassortant	lineage 1	hybrid zone	MH598491	2017.4.18	Gyeonggi	South Korea	Yeoncheon	Dosin-ri	genbank	Comparison of targeted next-generation sequencing for whole-genome sequencing of Hantaan orthohantavirus in Apodemus agrarius lung tissues	"Scientific Reportsvolume9, Articlenumber:16631(2019)"	https://doi.org/10.1038/s41598-019-53043-2
HTNV_Aa17-49	Apodemus agrarius	Reassortant	lineage 1	hybrid zone	MH598492	2017.4.18	Gyeonggi	South Korea	Yeoncheon	Dosin-ri	genbank	Comparison of targeted next-generation sequencing for whole-genome sequencing of Hantaan orthohantavirus in Apodemus agrarius lung tissues	"Scientific Reportsvolume9, Articlenumber:16631(2019)"	https://doi.org/10.1038/s41598-019-53043-2
HTNV_Aa17-52	Apodemus agrarius	Reassortant	lineage 1	hybrid zone	MK548661	2017.4.18	Gyeonggi	South Korea	Yeoncheon	Dosin-ri	genbank	Comparison of targeted next-generation sequencing for whole-genome sequencing of Hantaan orthohantavirus in Apodemus agrarius lung tissues	"Scientific Reportsvolume9, Articlenumber:16631(2019)"	https://doi.org/10.1038/s41598-019-53043-2
HTNV_Aa17-53	Apodemus agrarius	Reassortant	lineage 1	hybrid zone	MH598493	2017.4.18	Gyeonggi	South Korea	Yeoncheon	Dosin-ri	genbank	Comparison of targeted next-generation sequencing for whole-genome sequencing of Hantaan orthohantavirus in Apodemus agrarius lung tissues	"Scientific Reportsvolume9, Articlenumber:16631(2019)"	https://doi.org/10.1038/s41598-019-53043-2
HTNV_Aa17-66	Apodemus agrarius	Reassortant	lineage 1	lineage 1	MK548662	2017.4.27	Gyeonggi	South Korea	Pocheon	Uncheon-ri	genbank	Comparison of targeted next-generation sequencing for whole-genome sequencing of Hantaan orthohantavirus in Apodemus agrarius lung tissues	"Scientific Reportsvolume9, Articlenumber:16631(2019)"	https://doi.org/10.1038/s41598-019-53043-2
HTNV_Aa17-7	Apodemus agrarius	Reassortant	lineage 1	lineage 1	MH598489	2017.3.29	Gyeonggi	South Korea	Paju	Mugeon-ri	genbank	Comparison of targeted next-generation sequencing for whole-genome sequencing of Hantaan orthohantavirus in Apodemus agrarius lung tissues	"Scientific Reportsvolume9, Articlenumber:16631(2019)"	https://doi.org/10.1038/s41598-019-53043-2
HTNV_Aa17-76	Apodemus agrarius	Reassortant	lineage 1	lineage 1	MK548663	2017.4.27	Gyeonggi	South Korea	Pocheon	Uncheon-ri	genbank	Comparison of targeted next-generation sequencing for whole-genome sequencing of Hantaan orthohantavirus in Apodemus agrarius lung tissues	"Scientific Reportsvolume9, Articlenumber:16631(2019)"	https://doi.org/10.1038/s41598-019-53043-2
HTNV_Aa17-8	Apodemus agrarius	Reassortant	lineage 1	lineage 1	MH598490	2017.3.29	Gyeonggi	South Korea	Paju	Mugeon-ri	genbank	Comparison of targeted next-generation sequencing for whole-genome sequencing of Hantaan orthohantavirus in Apodemus agrarius lung tissues	"Scientific Reportsvolume9, Articlenumber:16631(2019)"	https://doi.org/10.1038/s41598-019-53043-2
HTNV_Aa18-164	Apodemus agrarius	Reassortant	lineage 2	lineage 2	MT012567	2018.11.27	Gangwon	South Korea	Yanggu	Mandae-ri	genbank	"Phylogeographic diversity and hybrid zone of Hantaan orthohantavirus collected in Gangwon Province, Republic of Korea"	"PLOS Neglected Tropical Diseases / Published: October 9, 2020"	https://doi.org/10.1371/journal.pntd.0008714
HTNV_Aa18-179	Apodemus agrarius	Reassortant	lineage 2	lineage 2	MT012568	2018.11.28	Gangwon	South Korea	Yanggu	Mandae-ri	genbank	"Phylogeographic diversity and hybrid zone of Hantaan orthohantavirus collected in Gangwon Province, Republic of Korea"	"PLOS Neglected Tropical Diseases / Published: October 9, 2020"	https://doi.org/10.1371/journal.pntd.0008714
HTNV_Aa18-185	Apodemus agrarius	Reassortant	lineage 2	lineage 2	MT012569	2018.11.28	Gangwon	South Korea	Yanggu	Mandae-ri	genbank	"Phylogeographic diversity and hybrid zone of Hantaan orthohantavirus collected in Gangwon Province, Republic of Korea"	"PLOS Neglected Tropical Diseases / Published: October 9, 2020"	https://doi.org/10.1371/journal.pntd.0008714
HTNV_Aa18-192	Apodemus agrarius		lineage 1	lineage 1	OR700534	2018.12.4	Gyeonggi	South Korea	Yeoncheon	Hyeonga-ri	genbank	"High_resolution phylogeographical surveillance of Hantaan orthohantavirus using rapid amplicon_based Flongle sequencing, Republic of Korea"	Journal of Medical Virology	DOI: 10.1002/jmv.29346
HTNV_Aa18-195	Apodemus agrarius		lineage 1	lineage 1	OR700535	2018.12.4	Gyeonggi	South Korea	Yeoncheon	Hyeonga-ri	genbank	"High_resolution phylogeographical surveillance of Hantaan orthohantavirus using rapid amplicon_based Flongle sequencing, Republic of Korea"	Journal of Medical Virology	DOI: 10.1002/jmv.29346
HTNV_Aa18-197	Apodemus agrarius		lineage 1	lineage 1	OR700536	2018.12.4	Gyeonggi	South Korea	Yeoncheon	Hyeonga-ri	genbank	"High_resolution phylogeographical surveillance of Hantaan orthohantavirus using rapid amplicon_based Flongle sequencing, Republic of Korea"	Journal of Medical Virology	DOI: 10.1002/jmv.29346
HTNV_Aa18-39	Apodemus agrarius	Reassortant	lineage 1	lineage 1	OR700532	2018.5.10	Gyeonggi	South Korea	Paju	Gaekhyeon-ri	genbank	"High_resolution phylogeographical surveillance of Hantaan orthohantavirus using rapid amplicon_based Flongle sequencing, Republic of Korea"	Journal of Medical Virology	DOI: 10.1002/jmv.29346
HTNV_Aa18-43	Apodemus agrarius	Reassortant	lineage 1	lineage 1	OR700533	2018.5.10	Gyeonggi	South Korea	Paju	Gaekhyeon-ri	genbank	"High_resolution phylogeographical surveillance of Hantaan orthohantavirus using rapid amplicon_based Flongle sequencing, Republic of Korea"	Journal of Medical Virology	DOI: 10.1002/jmv.29346
HTNV_Aa19-144	Apodemus agrarius		lineage 1	hybrid zone	MW796127	2019.10.23	Gangwon	South Korea	Hwacheon	Pungsan-ri	genbank	"Multiplex PCR-Based Nanopore Sequencing and Epidemiological Surveillance of Hantaan orthohantavirus in Apodemus agrarius, Republic of Korea"	"Viruses 13, 847 (2021)"	https://doi.org/10.3390/v13050847
HTNV_Aa19-152	Apodemus agrarius		lineage 1	hybrid zone	MW796128	2019.10.23	Gangwon	South Korea	Hwacheon	Pungsan-ri	genbank	"Multiplex PCR-Based Nanopore Sequencing and Epidemiological Surveillance of Hantaan orthohantavirus in Apodemus agrarius, Republic of Korea"	"Viruses 13, 847 (2021)"	https://doi.org/10.3390/v13050847
HTNV_Aa19-153	Apodemus agrarius		lineage 1	hybrid zone	MW796129	2019.10.23	Gangwon	South Korea	Hwacheon	Pungsan-ri	genbank	"Multiplex PCR-Based Nanopore Sequencing and Epidemiological Surveillance of Hantaan orthohantavirus in Apodemus agrarius, Republic of Korea"	"Viruses 13, 847 (2021)"	https://doi.org/10.3390/v13050847
HTNV_Aa19-167	Apodemus agrarius		lineage 1	lineage 1	MW796130	2019.11.19	Gyeonggi	South Korea	Yeoncheon	Sang-ri	genbank	"Multiplex PCR-Based Nanopore Sequencing and Epidemiological Surveillance of Hantaan orthohantavirus in Apodemus agrarius, Republic of Korea"	"Viruses 13, 847 (2021)"	https://doi.org/10.3390/v13050847
HTNV_Aa19-233	Apodemus agrarius		lineage 1	hybrid zone	MW796131	2019.5.7	Gangwon	South Korea	Cheorwon	Gwanu-ri	genbank	"Multiplex PCR-Based Nanopore Sequencing and Epidemiological Surveillance of Hantaan orthohantavirus in Apodemus agrarius, Republic of Korea"	"Viruses 13, 847 (2021)"	https://doi.org/10.3390/v13050847
HTNV_Aa19-236	Apodemus agrarius		lineage 1	hybrid zone	MW796132	2019.5.7	Gangwon	South Korea	Cheorwon	Gwanu-ri	genbank	"Multiplex PCR-Based Nanopore Sequencing and Epidemiological Surveillance of Hantaan orthohantavirus in Apodemus agrarius, Republic of Korea"	"Viruses 13, 847 (2021)"	https://doi.org/10.3390/v13050847
HTNV_Aa19-278	Apodemus agrarius		lineage 1	hybrid zone	MW796133	2019.9.3	Gangwon	South Korea	Cheorwon	Gwanu-ri	genbank	"Multiplex PCR-Based Nanopore Sequencing and Epidemiological Surveillance of Hantaan orthohantavirus in Apodemus agrarius, Republic of Korea"	"Viruses 13, 847 (2021)"	https://doi.org/10.3390/v13050847
HTNV_Aa19-36	Apodemus agrarius		lineage 1	hybrid zone	MW796122	2019.5.15	Gangwon	South Korea	Cheorwon	Dochang-ri	genbank	"Multiplex PCR-Based Nanopore Sequencing and Epidemiological Surveillance of Hantaan orthohantavirus in Apodemus agrarius, Republic of Korea"	"Viruses 13, 847 (2021)"	https://doi.org/10.3390/v13050847
HTNV_Aa19-38	Apodemus agrarius		lineage 1	hybrid zone	MW796123	2019.5.15	Gangwon	South Korea	Cheorwon	Dochang-ri	genbank	"Multiplex PCR-Based Nanopore Sequencing and Epidemiological Surveillance of Hantaan orthohantavirus in Apodemus agrarius, Republic of Korea"	"Viruses 13, 847 (2021)"	https://doi.org/10.3390/v13050847
HTNV_Aa19-39	Apodemus agrarius		lineage 1	hybrid zone	MW796124	2019.5.15	Gangwon	South Korea	Cheorwon	Dochang-ri	genbank	"Multiplex PCR-Based Nanopore Sequencing and Epidemiological Surveillance of Hantaan orthohantavirus in Apodemus agrarius, Republic of Korea"	"Viruses 13, 847 (2021)"	https://doi.org/10.3390/v13050847
HTNV_Aa19-57	Apodemus agrarius	Reassortant	lineage 1	lineage 1	MW796125	2019.5.21	Gyeonggi	South Korea	Pocheon	Jangam-ri	genbank	"Multiplex PCR-Based Nanopore Sequencing and Epidemiological Surveillance of Hantaan orthohantavirus in Apodemus agrarius, Republic of Korea"	"Viruses 13, 847 (2021)"	https://doi.org/10.3390/v13050847
HTNV_Aa19-89	Apodemus agrarius	Reassortant	lineage 1	hybrid zone	MW796126	2019.10.11	Gyeonggi	South Korea	Yeoncheon	Dosin-ri	genbank	"Multiplex PCR-Based Nanopore Sequencing and Epidemiological Surveillance of Hantaan orthohantavirus in Apodemus agrarius, Republic of Korea"	"Viruses 13, 847 (2021)"	https://doi.org/10.3390/v13050847
HTNV_Aa22-127	Apodemus agrarius		lineage 1	hybrid zone		2022.5.27	Gangwon	South Korea	Hwacheon	Guun-ri	genbank			
HTNV_Aa22-159	Apodemus agrarius		lineage 1	hybrid zone		2022.6.16	Gangwon	South Korea	Cheorwon	Pungam-ri	genbank			
HTNV_Aa22-184	Apodemus agrarius		lineage 1	lineage 1		2022.7.12	Gyeonggi	South Korea	Yeoncheon	Duil-ri	genbank			
HTNV_Aa22-65	Apodemus agrarius		lineage 3	hybrid zone		2022.4.20	Gangwon	South Korea	Inje	Gapdun-ri	genbank			
HTNV_Aa22-82	Apodemus agrarius		lineage 1	hybrid zone		2022.4.28	Gyeonggi	South Korea	Yeoncheon	Majeon-ri	genbank			
HTNV_Aa22-84	Apodemus agrarius	Reassortant	lineage 1	lineage 1		2022.5.4	Gyeonggi	South Korea	Paju	Icheon-ri	genbank			
HTNV_Aa22-95	Apodemus agrarius	Reassortant	lineage 1	lineage 1		2022.5.4	Gyeonggi	South Korea	Paju	Icheon-ri	genbank			
HTNV_Aa23-115	Apodemus agrarius		lineage 1	hybrid zone		2023.4.20	Gangwon	South Korea	Cheorwon	Sangsa-ri	genbank			
HTNV_Aa23-117	Apodemus agrarius		lineage 1	hybrid zone		2023.4.20	Gangwon	South Korea	Cheorwon	Sangsa-ri	genbank			
HTNV_Aa23-118	Apodemus agrarius		lineage 1	hybrid zone		2023.4.20	Gangwon	South Korea	Cheorwon	Sangsa-ri	genbank			
HTNV_Aa23-130	Apodemus agrarius		lineage 1	hybrid zone		2023.4.20	Gangwon	South Korea	Cheorwon	Sangsa-ri	genbank			
HTNV_Aa23-132	Apodemus agrarius		lineage 1	hybrid zone		2023.4.20	Gangwon	South Korea	Cheorwon	Sangsa-ri	genbank			
HTNV_Aa23-170	Apodemus agrarius		lineage 1	lineage 1		2023.5.17	Gyeonggi	South Korea	Paju	Baegyeon-ri	genbank			
HTNV_Aa23-174	Apodemus agrarius		lineage 1	lineage 1		2023.5.17	Gyeonggi	South Korea	Paju	Baegyeon-ri	genbank			
HTNV_Aa23-35	Apodemus agrarius	Reassortant	lineage 1	hybrid zone		2023.3.28	Gyeonggi	South Korea	Yeoncheon	Wacho-ri	genbank			
HTNV_Ac19-6	Apodemus chejuensis		lineage 4	lineage 4	MW219762	2019.4.25	Jeju	South Korea	Jeju	Ora-2-dong	genbank	A novel genotype of Hantaan orthohantavirus harbored by Apodemus agrarius chejuensis as a potential etiologic agent of hemorrhagic fever with renal syndrome in Republic of Korea	"PLOS Neglected Tropical Diseases / Published: May 12, 2021"	https://doi.org/10.1371/journal.pntd.0009400
HTNV_Ac20-30	Apodemus chejuensis		lineage 4	lineage 4	MW219765	2020.2.5	Jeju	South Korea	Jeju	Bongseong-ri	genbank	A novel genotype of Hantaan orthohantavirus harbored by Apodemus agrarius chejuensis as a potential etiologic agent of hemorrhagic fever with renal syndrome in Republic of Korea	"PLOS Neglected Tropical Diseases / Published: May 12, 2021"	https://doi.org/10.1371/journal.pntd.0009400
HTNV_Ac20-31	Apodemus chejuensis		lineage 4	lineage 4	MW219766	2020.2.5	Jeju	South Korea	Jeju	Bongseong-ri	genbank	A novel genotype of Hantaan orthohantavirus harbored by Apodemus agrarius chejuensis as a potential etiologic agent of hemorrhagic fever with renal syndrome in Republic of Korea	"PLOS Neglected Tropical Diseases / Published: May 12, 2021"	https://doi.org/10.1371/journal.pntd.0009400
HTNV_Ac20-32	Apodemus chejuensis		lineage 4	lineage 4	MW219767	2020.2.5	Jeju	South Korea	Jeju	Bongseong-ri	genbank	A novel genotype of Hantaan orthohantavirus harbored by Apodemus agrarius chejuensis as a potential etiologic agent of hemorrhagic fever with renal syndrome in Republic of Korea	"PLOS Neglected Tropical Diseases / Published: May 12, 2021"	https://doi.org/10.1371/journal.pntd.0009400
HTNV_Ac20-5	Apodemus chejuensis		lineage 4	lineage 4	MW219763	2020.2.3	Jeju	South Korea	Jeju	Ora-2-dong	genbank	A novel genotype of Hantaan orthohantavirus harbored by Apodemus agrarius chejuensis as a potential etiologic agent of hemorrhagic fever with renal syndrome in Republic of Korea	"PLOS Neglected Tropical Diseases / Published: May 12, 2021"	https://doi.org/10.1371/journal.pntd.0009400
HTNV_Ac20-6	Apodemus chejuensis		lineage 4	lineage 4	MW219764	2020.2.3	Jeju	South Korea	Jeju	Ora-2-dong	genbank	A novel genotype of Hantaan orthohantavirus harbored by Apodemus agrarius chejuensis as a potential etiologic agent of hemorrhagic fever with renal syndrome in Republic of Korea	"PLOS Neglected Tropical Diseases / Published: May 12, 2021"	https://doi.org/10.1371/journal.pntd.0009400
HTNV_ROKA13-8	Homo sapiens		lineage 1	hybrid zone	KU207202	2013.12.16	Gangwon	South Korea	Hwacheon		genbank	Phylogeographic analysis of hemorrhagic fever with renal syndrome patients using multiplex PCR-based next generation sequencing	"Scientific Reports volume 6, Article number: 26017 (2016)"	https://www.nature.com/articles/srep26017
HTNV_ROKA14-11	Homo sapiens	Reassortant	lineage 1	lineage 1	KU207203	2014.11.28	Gyeonggi	South Korea	Paju		genbank	Phylogeographic analysis of hemorrhagic fever with renal syndrome patients using multiplex PCR-based next generation sequencing	"Scientific Reports volume 6, Article number: 26017 (2016)"	https://www.nature.com/articles/srep26017
HTNV_ROKA16-10	Homo sapiens	Reassortant	lineage 1	hybrid zone	MW219748	2016.12.14	Gyeonggi	South Korea	Pocheon		genbank	Urinary genome detection and tracking of Hantaan virus from hemorrhagic fever with renal syndrome patients using multiplex PCRbased next-generation sequencing	"PLOS Neglected Tropical Diseases / Published: Sep 28, 2021"	https://doi.org/10.1371/ journal.pntd.0009707
HTNV_ROKA16-12	Homo sapiens	Reassortant	lineage 1	lineage 1	MW219749	2016.12.19	Gyeonggi	South Korea	Paju		genbank	Urinary genome detection and tracking of Hantaan virus from hemorrhagic fever with renal syndrome patients using multiplex PCRbased next-generation sequencing	"PLOS Neglected Tropical Diseases / Published: Sep 28, 2021"	https://doi.org/10.1371/ journal.pntd.0009707
HTNV_ROKA16-9	Homo sapiens	Reassortant	lineage 1	hybrid zone	MH598480	2016.12.14	Gyeonggi	South Korea	Yeoncheon		genbank	Active Targeted Surveillance to Identify Sites of Emergence of Hantavirus	"Clinical Infectious Diseases, Volume 70, Issue 3, 1 February 2020, Pages 464473"	https://doi.org/10.1093/cid/ciz234
HTNV_ROKA17-15	Homo sapiens		lineage 1	lineage 1	MW219751	2017.10.27	Gyeonggi	South Korea	Yeoncheon		genbank	Urinary genome detection and tracking of Hantaan virus from hemorrhagic fever with renal syndrome patients using multiplex PCRbased next-generation sequencing	"PLOS Neglected Tropical Diseases / Published: Sep 28, 2021"	https://doi.org/10.1371/ journal.pntd.0009707
HTNV_ROKA17-2	Homo sapiens	Reassortant	lineage 1	lineage 1	MW219750	2017.1.10	Gyeonggi	South Korea	Paju		genbank	Urinary genome detection and tracking of Hantaan virus from hemorrhagic fever with renal syndrome patients using multiplex PCRbased next-generation sequencing	"PLOS Neglected Tropical Diseases / Published: Sep 28, 2021"	https://doi.org/10.1371/ journal.pntd.0009707
HTNV_ROKA17-3	Homo sapiens	Reassortant	lineage 1	lineage 1	MH598481	2017.1.12	Gyeonggi	South Korea	Paju		genbank	Active Targeted Surveillance to Identify Sites of Emergence of Hantavirus	"Clinical Infectious Diseases, Volume 70, Issue 3, 1 February 2020, Pages 464473"	https://doi.org/10.1093/cid/ciz234
HTNV_ROKA17-5	Homo sapiens	Reassortant	lineage 1	lineage 1	MH598482	2017.1.14	Gyeonggi	South Korea	Paju		genbank	Active Targeted Surveillance to Identify Sites of Emergence of Hantavirus	"Clinical Infectious Diseases, Volume 70, Issue 3, 1 February 2020, Pages 464473"	https://doi.org/10.1093/cid/ciz234
HTNV_ROKA17-7	Homo sapiens	Reassortant	lineage 1	lineage 1	MH598483	2017.1.17	Gyeonggi	South Korea	Paju		genbank	Active Targeted Surveillance to Identify Sites of Emergence of Hantavirus	"Clinical Infectious Diseases, Volume 70, Issue 3, 1 February 2020, Pages 464473"	https://doi.org/10.1093/cid/ciz234
HTNV_ROKA17-8	Homo sapiens	Reassortant	lineage 1	lineage 1	MH598484	2017.1.18	Gyeonggi	South Korea	Paju		genbank	Active Targeted Surveillance to Identify Sites of Emergence of Hantavirus	"Clinical Infectious Diseases, Volume 70, Issue 3, 1 February 2020, Pages 464473"	https://doi.org/10.1093/cid/ciz234